link,asin,title,avg_rating,tot_rev,price,condition,seller,joinkey,qty
https://www.amazon.com/gp/offer-listing/B07NLRV635,B07NLRV635,"MECHREVO 256GB SSD Upgrade Kit Replacement for Mid 2013 2014 2015 2016 2017 MacBook Air Pro Retina, PCIe Gen3 x4 NVME Solid State Drive for A1465 A1466 A1398 A1502 and Mac Pro (256)",4,1,$104.99 ,New,skycloudty,skycloudty_fulfillmentbyamazon_B07NLRV635,3
https://www.amazon.com/gp/offer-listing/B07QBR2NSK,B07QBR2NSK,"OWC 1.0TB Aura Pro X2 Complete SSD Upgrade Solution with Tools & OWC Envoy Pro Enclosure for MacBook Air (Mid 2013-2017) and MacBook Pro (Retina, Late 2013 - Mid 2015), (OWCS3DAPT4MB10K)",4.2,8,$319.99 ,New,owc(otherworldcomputing),owc(otherworldcomputing)_fulFillSELF_B07QBR2NSK,34
https://www.amazon.com/gp/offer-listing/B07LFN4KH7,B07LFN4KH7,"Feather M13 NVMe SSD Upgrade for Apple MacBook Pro 2013-2015, MacBook Air 2013-2017, iMac 2013-2017 (256GB)",4.1,17,$115.50 ,New,fledging,fledging_fulfillmentbyamazon_B07LFN4KH7,1
https://www.amazon.com/gp/offer-listing/B07LFN4KH7,B07LFN4KH7,"Feather M13 NVMe SSD Upgrade for Apple MacBook Pro 2013-2015, MacBook Air 2013-2017, iMac 2013-2017 (256GB)",4.1,17,$115.50 ,New,fledging,fledging_fulFillSELF_B07LFN4KH7,40
https://www.amazon.com/gp/offer-listing/B07LFN4KH7,B07LFN4KH7,"Feather M13 NVMe SSD Upgrade for Apple MacBook Pro 2013-2015, MacBook Air 2013-2017, iMac 2013-2017 (256GB)",4.1,17,$115.50 ,New,fledging,fledging_fulFillSELF_B07LFN4KH7,40
https://www.amazon.com/gp/offer-listing/B07K9NMXH2,B07K9NMXH2,MECHREVO 64GB SSD Upgrade Kit Replacement for A1465 A1466 A1398 A1502 and Mac Pro,3.5,18,$174.00 ,New,thisnthatnstuffs,thisnthatnstuffs_fulFillSELF_B07K9NMXH2,1
https://www.amazon.com/gp/offer-listing/B07K9NMXH2,B07K9NMXH2,MECHREVO 64GB SSD Upgrade Kit Replacement for A1465 A1466 A1398 A1502 and Mac Pro,3.5,18,$118.11 ,UsedVeryGood,amazonwarehouse,amazonwarehouse_fulfillmentbyamazon_B07K9NMXH2,1
https://www.amazon.com/gp/offer-listing/B07K9NMXH2,B07K9NMXH2,MECHREVO 64GB SSD Upgrade Kit Replacement for A1465 A1466 A1398 A1502 and Mac Pro,3.5,18,$178.99 ,New,bkbtech,bkbtech_fulFillSELF_B07K9NMXH2,29
https://www.amazon.com/gp/offer-listing/B07K9KP6XH,B07K9KP6XH,MECHREVO 32GB SSD Replacement for Mid 2013 2014 2015 2016 2017 MacBook,3.3,12,$228.00 ,New,thisnthatnstuffs,thisnthatnstuffs_fulFillSELF_B07K9KP6XH,2
https://www.amazon.com/gp/offer-listing/B07K9KP6XH,B07K9KP6XH,MECHREVO 32GB SSD Replacement for Mid 2013 2014 2015 2016 2017 MacBook,3.3,12,$220.00 ,New,integritytechinc.,integritytechinc._fulFillSELF_B07K9KP6XH,2
https://www.amazon.com/gp/offer-listing/B07K9KP6XH,B07K9KP6XH,MECHREVO 32GB SSD Replacement for Mid 2013 2014 2015 2016 2017 MacBook,3.3,12,$232.99 ,New,bkbtech,bkbtech_fulFillSELF_B07K9KP6XH,5
https://www.amazon.com/gp/offer-listing/B07N374BL1,B07N374BL1,"MECHREVO 2TB SSD Upgrade Kit Replacement for Mid 2013 2014 2015 2016 2017 MacBook Air Pro Retina, PCIe Gen3 x4 NVME Solid State Drive for A1465 A1466 A1398 A1502 and Mac Pro",5,0,$501.00 ,New,integritytechinc.,integritytechinc._fulFillSELF_B07N374BL1,5
https://www.amazon.com/gp/offer-listing/B07N374BL1,B07N374BL1,"MECHREVO 2TB SSD Upgrade Kit Replacement for Mid 2013 2014 2015 2016 2017 MacBook Air Pro Retina, PCIe Gen3 x4 NVME Solid State Drive for A1465 A1466 A1398 A1502 and Mac Pro",5,0,$509.00 ,New,thisnthatnstuffs,thisnthatnstuffs_fulFillSELF_B07N374BL1,2
https://www.amazon.com/gp/offer-listing/B07N374BL1,B07N374BL1,"MECHREVO 2TB SSD Upgrade Kit Replacement for Mid 2013 2014 2015 2016 2017 MacBook Air Pro Retina, PCIe Gen3 x4 NVME Solid State Drive for A1465 A1466 A1398 A1502 and Mac Pro",5,0,$514.00 ,New,skycloudty,skycloudty_fulfillmentbyamazon_B07N374BL1,12
https://www.amazon.com/gp/offer-listing/B07LF4BPJ6,B07LF4BPJ6,"MECHREVO 360GB SSD Upgrade Kit Replacement for Mid 2013 2014 2015 2016 2017 MacBook Air Pro Retina, PCIe Gen3 x4 NVME Solid State Drive for A1465 A1466 A1398 A1502 and Mac Pro",4.5,0,$163.00 ,New,thisnthatnstuffs,thisnthatnstuffs_fulFillSELF_B07LF4BPJ6,2
https://www.amazon.com/gp/offer-listing/B07LF4BPJ6,B07LF4BPJ6,"MECHREVO 360GB SSD Upgrade Kit Replacement for Mid 2013 2014 2015 2016 2017 MacBook Air Pro Retina, PCIe Gen3 x4 NVME Solid State Drive for A1465 A1466 A1398 A1502 and Mac Pro",4.5,0,$155.00 ,New,integritytechinc.,integritytechinc._fulFillSELF_B07LF4BPJ6,2
https://www.amazon.com/gp/offer-listing/B07LF4BPJ6,B07LF4BPJ6,"MECHREVO 360GB SSD Upgrade Kit Replacement for Mid 2013 2014 2015 2016 2017 MacBook Air Pro Retina, PCIe Gen3 x4 NVME Solid State Drive for A1465 A1466 A1398 A1502 and Mac Pro",4.5,0,$174.00 ,New,skycloudty,skycloudty_fulfillmentbyamazon_B07LF4BPJ6,18
https://www.amazon.com/gp/offer-listing/B01CU2UWHG,B01CU2UWHG,"OWC Aura SSD 1.0TB, (OWCSSDAB2MB10), for Mid-2013 and Later MacBook Air and Mid 2013-Mid 2015 MacBook Pro with Retina Display",3.7,34,$508.82 ,New,amazonglobalstoreuk,amazonglobalstoreuk_fulFillSELF_B01CU2UWHG,999
https://www.amazon.com/gp/offer-listing/B01CU2UWHG,B01CU2UWHG,"OWC Aura SSD 1.0TB, (OWCSSDAB2MB10), for Mid-2013 and Later MacBook Air and Mid 2013-Mid 2015 MacBook Pro with Retina Display",3.7,34,$558.60 ,New,deals#1,deals#1_fulFillSELF_B01CU2UWHG,1
https://www.amazon.com/gp/offer-listing/B01CU2UWHG,B01CU2UWHG,"OWC Aura SSD 1.0TB, (OWCSSDAB2MB10), for Mid-2013 and Later MacBook Air and Mid 2013-Mid 2015 MacBook Pro with Retina Display",3.7,34,$778.00 ,New,ersazza,ersazza_fulFillSELF_B01CU2UWHG,4
https://www.amazon.com/gp/offer-listing/B01CU2UWHG,B01CU2UWHG,"OWC Aura SSD 1.0TB, (OWCSSDAB2MB10), for Mid-2013 and Later MacBook Air and Mid 2013-Mid 2015 MacBook Pro with Retina Display",3.7,34,$485.50 ,New,consumersupplyco,consumersupplyco_fulFillSELF_B01CU2UWHG,2
https://www.amazon.com/gp/offer-listing/B075H9G1CH,B075H9G1CH,Transcend 240GB JetDrive 820 PCIe Gen3 x2 Solid State Drive (TS240GJDM820),4.5,64,$104.13 ,UsedVeryGood,amazonwarehouse,amazonwarehouse_fulfillmentbyamazon_B075H9G1CH,1
https://www.amazon.com/gp/offer-listing/B075H9G1CH,B075H9G1CH,Transcend 240GB JetDrive 820 PCIe Gen3 x2 Solid State Drive (TS240GJDM820),4.5,64,$180.43 ,New,onedealoutletonline,onedealoutletonline_fulFillSELF_B075H9G1CH,4
https://www.amazon.com/gp/offer-listing/B075H9G1CH,B075H9G1CH,Transcend 240GB JetDrive 820 PCIe Gen3 x2 Solid State Drive (TS240GJDM820),4.5,64,$175.00 ,New,sabcomputer,sabcomputer_fulFillSELF_B075H9G1CH,1
https://www.amazon.com/gp/offer-listing/B075H9G1CH,B075H9G1CH,Transcend 240GB JetDrive 820 PCIe Gen3 x2 Solid State Drive (TS240GJDM820),4.5,64,$185.80 ,New,yoko'sstore,yoko'sstore_fulFillSELF_B075H9G1CH,1
https://www.amazon.com/gp/offer-listing/B075H9G1CH,B075H9G1CH,Transcend 240GB JetDrive 820 PCIe Gen3 x2 Solid State Drive (TS240GJDM820),4.5,64,$191.99 ,New,worldonline,worldonline_fulFillSELF_B075H9G1CH,1
https://www.amazon.com/gp/offer-listing/B075H9G1CH,B075H9G1CH,Transcend 240GB JetDrive 820 PCIe Gen3 x2 Solid State Drive (TS240GJDM820),4.5,64,$192.99 ,New,amazon.com,amazon.com_fulFillSELF_B075H9G1CH,20
https://www.amazon.com/gp/offer-listing/B075H9G1CH,B075H9G1CH,Transcend 240GB JetDrive 820 PCIe Gen3 x2 Solid State Drive (TS240GJDM820),4.5,64,$199.99 ,New,memoryc,memoryc_fulFillSELF_B075H9G1CH,10
https://www.amazon.com/gp/offer-listing/B075H9G1CH,B075H9G1CH,Transcend 240GB JetDrive 820 PCIe Gen3 x2 Solid State Drive (TS240GJDM820),4.5,64,$199.99 ,New,fastmarketpro,fastmarketpro_fulFillSELF_B075H9G1CH,1
https://www.amazon.com/gp/offer-listing/B075H9G1CH,B075H9G1CH,Transcend 240GB JetDrive 820 PCIe Gen3 x2 Solid State Drive (TS240GJDM820),4.5,64,$201.52 ,New,napt,napt_fulFillSELF_B075H9G1CH,1
https://www.amazon.com/gp/offer-listing/B075H9G1CH,B075H9G1CH,Transcend 240GB JetDrive 820 PCIe Gen3 x2 Solid State Drive (TS240GJDM820),4.5,64,$202.34 ,New,goodjapaneseproducts,goodjapaneseproducts_fulFillSELF_B075H9G1CH,1
https://www.amazon.com/gp/offer-listing/B07NBLJTL6,B07NBLJTL6,"1TB SSD Ultra Fast Upgrade for MacBook Pro, MacBook Air, iMac & Mac Pro with macOS Mojave Pre-Installed (2013 2014 2015 2016 2017 A1502 A1398 A1465 A1466) (1TB)",3,0,$299.99 ,New,bkbtech,bkbtech_fulFillSELF_B07NBLJTL6,4
https://www.amazon.com/gp/offer-listing/B07DWRRJ3R,B07DWRRJ3R,"MCE 2TB SSD for MacBook Pro 2015 15-inch Only: PCIe-Based 4 Lane (x4) NVMe 8.0GT/s SSD Flash Storage Upgrade - 2900MB/s Read, 2100MB/s Write, Requires macOS 10.13.x (High Sierra) or Later",4.3,8,$699.99 ,New,maccomponentsengineered,maccomponentsengineered_fulFillSELF_B07DWRRJ3R,42
https://www.amazon.com/gp/offer-listing/B07DWRRJ3R,B07DWRRJ3R,"MCE 2TB SSD for MacBook Pro 2015 15-inch Only: PCIe-Based 4 Lane (x4) NVMe 8.0GT/s SSD Flash Storage Upgrade - 2900MB/s Read, 2100MB/s Write, Requires macOS 10.13.x (High Sierra) or Later",4.3,8,$659.00 ,New,integritytechinc.,integritytechinc._fulFillSELF_B07DWRRJ3R,2
https://www.amazon.com/gp/offer-listing/B07DWTG2TK,B07DWTG2TK,"MCE 1TB SSD for MacBook Pro (Retina, 15"", Mid 2015) Only: PCIe-Based 4 Lane (x4) NVMe 8.0GT/s SSD Flash Storage Upgrade - 2900MB/s Read, 2100MB/s Write, Requires macOS 10.13.x (High Sierra) or Later",3.1,5,$399.99 ,New,maccomponentsengineered,maccomponentsengineered_fulFillSELF_B07DWTG2TK,42
https://www.amazon.com/gp/offer-listing/B07DWTG2TK,B07DWTG2TK,"MCE 1TB SSD for MacBook Pro (Retina, 15"", Mid 2015) Only: PCIe-Based 4 Lane (x4) NVMe 8.0GT/s SSD Flash Storage Upgrade - 2900MB/s Read, 2100MB/s Write, Requires macOS 10.13.x (High Sierra) or Later",3.1,5,$379.00 ,New,integritytechinc.,integritytechinc._fulFillSELF_B07DWTG2TK,3
https://www.amazon.com/gp/offer-listing/B07QY9G5ML,B07QY9G5ML,"Feather M13 Standard NVMe SSD Upgrade for Apple MacBook Pro 2013-2015, MacBook Air 2013-2017, iMac 2013-2017 (256GB)",5,0,$100.00 ,New,fledging,fledging_fulfillmentbyamazon_B07QY9G5ML,5
https://www.amazon.com/gp/offer-listing/B07QY9G5ML,B07QY9G5ML,"Feather M13 Standard NVMe SSD Upgrade for Apple MacBook Pro 2013-2015, MacBook Air 2013-2017, iMac 2013-2017 (256GB)",5,0,$110.00 ,New,fledging,fledging_fulFillSELF_B07QY9G5ML,10
https://www.amazon.com/gp/offer-listing/B07DSTYXV8,B07DSTYXV8,MCE 1TB SSD for MacBook Air 2015 and MacBook Air 2017: PCIe-Based 4 Lane (x4) NVMe SSD Flash Storage Upgrade - Requires macOS 10.13.x (High Sierra) or Later,4.5,0,$299.99 ,New,maccomponentsengineered,maccomponentsengineered_fulFillSELF_B07DSTYXV8,34
https://www.amazon.com/gp/offer-listing/B07DSTYXV8,B07DSTYXV8,MCE 1TB SSD for MacBook Air 2015 and MacBook Air 2017: PCIe-Based 4 Lane (x4) NVMe SSD Flash Storage Upgrade - Requires macOS 10.13.x (High Sierra) or Later,4.5,0,$299.99 ,New,bkbtech,bkbtech_fulFillSELF_B07DSTYXV8,9
https://www.amazon.com/gp/offer-listing/B00YWN1X1Q,B00YWN1X1Q,"Odyson - 512GB SSUAX SSD (PCIe 2.0 x2) Replacement for MacBook Pro 13"" Retina A1502/15 A1398 (Late 2013, Mid 2014)",4.6,8,$147.00 ,UsedVeryGood,perfectgadzhets,perfectgadzhets_fulFillSELF_B00YWN1X1Q,3
https://www.amazon.com/gp/offer-listing/B00YWN1X1Q,B00YWN1X1Q,"Odyson - 512GB SSUAX SSD (PCIe 2.0 x2) Replacement for MacBook Pro 13"" Retina A1502/15 A1398 (Late 2013, Mid 2014)",4.6,8,$188.99 ,UsedLikeNew,fastshipbargain,fastshipbargain_fulFillSELF_B00YWN1X1Q,1
https://www.amazon.com/gp/offer-listing/B00YWN1X1Q,B00YWN1X1Q,"Odyson - 512GB SSUAX SSD (PCIe 2.0 x2) Replacement for MacBook Pro 13"" Retina A1502/15 A1398 (Late 2013, Mid 2014)",4.6,8,$197.90 ,New,beetstech,beetstech_fulfillmentbyamazon_B00YWN1X1Q,1
https://www.amazon.com/gp/offer-listing/B00YWN1X1Q,B00YWN1X1Q,"Odyson - 512GB SSUAX SSD (PCIe 2.0 x2) Replacement for MacBook Pro 13"" Retina A1502/15 A1398 (Late 2013, Mid 2014)",4.6,8,$189.99 ,UsedLikeNew,goldendeliciousinc.,goldendeliciousinc._fulFillSELF_B00YWN1X1Q,1
https://www.amazon.com/gp/offer-listing/B00YWN1X1Q,B00YWN1X1Q,"Odyson - 512GB SSUAX SSD (PCIe 2.0 x2) Replacement for MacBook Pro 13"" Retina A1502/15 A1398 (Late 2013, Mid 2014)",4.6,8,$204.00 ,UsedLikeNew,beetstech,beetstech_fulFillSELF_B00YWN1X1Q,4
https://www.amazon.com/gp/offer-listing/B00YWN1X1Q,B00YWN1X1Q,"Odyson - 512GB SSUAX SSD (PCIe 2.0 x2) Replacement for MacBook Pro 13"" Retina A1502/15 A1398 (Late 2013, Mid 2014)",4.6,8,$488.88 ,New,joltelectronics,joltelectronics_fulFillSELF_B00YWN1X1Q,3
https://www.amazon.com/gp/offer-listing/B00YWN1X1Q,B00YWN1X1Q,"Odyson - 512GB SSUAX SSD (PCIe 2.0 x2) Replacement for MacBook Pro 13"" Retina A1502/15 A1398 (Late 2013, Mid 2014)",4.6,8,$184.90 ,New,integritytechinc.,integritytechinc._fulFillSELF_B00YWN1X1Q,1
https://www.amazon.com/gp/offer-listing/B00YWN1X1Q,B00YWN1X1Q,"Odyson - 512GB SSUAX SSD (PCIe 2.0 x2) Replacement for MacBook Pro 13"" Retina A1502/15 A1398 (Late 2013, Mid 2014)",4.6,8,$192.00 ,UsedVeryGood,digilandllc,digilandllc_fulFillSELF_B00YWN1X1Q,20
https://www.amazon.com/gp/offer-listing/B00YWN1X1Q,B00YWN1X1Q,"Odyson - 512GB SSUAX SSD (PCIe 2.0 x2) Replacement for MacBook Pro 13"" Retina A1502/15 A1398 (Late 2013, Mid 2014)",4.6,8,$193.98 ,UsedLikeNew,mglelectronics,mglelectronics_fulFillSELF_B00YWN1X1Q,20
https://www.amazon.com/gp/offer-listing/B00YWN1X1Q,B00YWN1X1Q,"Odyson - 512GB SSUAX SSD (PCIe 2.0 x2) Replacement for MacBook Pro 13"" Retina A1502/15 A1398 (Late 2013, Mid 2014)",4.6,8,$207.96 ,UsedGood,"powerbookmedic,llc","powerbookmedic,llc_fulFillSELF_B00YWN1X1Q",9
https://www.amazon.com/gp/offer-listing/B01NBAWWFL,B01NBAWWFL,"Apple Genuine SSD 512 GB NVMe Flash Storage Upgrade Kit for MacBook Pro Retina, Mac Pro, iMac Models. MZ-KKW5120 655-1994A",5,3,$292.95 ,UsedVeryGood,castro'smacs,castro'smacs_fulFillSELF_B01NBAWWFL,2
https://www.amazon.com/gp/offer-listing/B01NBAWWFL,B01NBAWWFL,"Apple Genuine SSD 512 GB NVMe Flash Storage Upgrade Kit for MacBook Pro Retina, Mac Pro, iMac Models. MZ-KKW5120 655-1994A",5,3,$399.99 ,New,joltelectronics,joltelectronics_fulFillSELF_B01NBAWWFL,11
https://www.amazon.com/gp/offer-listing/B01NBAWWFL,B01NBAWWFL,"Apple Genuine SSD 512 GB NVMe Flash Storage Upgrade Kit for MacBook Pro Retina, Mac Pro, iMac Models. MZ-KKW5120 655-1994A",5,3,$294.00 ,UsedVeryGood,digilandllc,digilandllc_fulFillSELF_B01NBAWWFL,6
https://www.amazon.com/gp/offer-listing/B01NBAWWFL,B01NBAWWFL,"Apple Genuine SSD 512 GB NVMe Flash Storage Upgrade Kit for MacBook Pro Retina, Mac Pro, iMac Models. MZ-KKW5120 655-1994A",5,3,$297.93 ,UsedLikeNew,mglelectronics,mglelectronics_fulFillSELF_B01NBAWWFL,1
https://www.amazon.com/gp/offer-listing/B01NBAWWFL,B01NBAWWFL,"Apple Genuine SSD 512 GB NVMe Flash Storage Upgrade Kit for MacBook Pro Retina, Mac Pro, iMac Models. MZ-KKW5120 655-1994A",5,3,$297.97 ,UsedLikeNew,tekgalaxy,tekgalaxy_fulFillSELF_B01NBAWWFL,4
https://www.amazon.com/gp/offer-listing/B01NBAWWFL,B01NBAWWFL,"Apple Genuine SSD 512 GB NVMe Flash Storage Upgrade Kit for MacBook Pro Retina, Mac Pro, iMac Models. MZ-KKW5120 655-1994A",5,3,$379.00 ,New,integritytechinc.,integritytechinc._fulFillSELF_B01NBAWWFL,2
https://www.amazon.com/gp/offer-listing/B01MXOLY8E,B01MXOLY8E,"Apple Genuine SSD 1 Tb NVMe Flash Storage Upgrade Kit for MacBook Pro Retina, Mac Pro, iMac Models. MZ-KKW1T00 655-1995A",3.8,21,$599.95 ,UsedVeryGood,castro'smacs,castro'smacs_fulFillSELF_B01MXOLY8E,2
https://www.amazon.com/gp/offer-listing/B01MXOLY8E,B01MXOLY8E,"Apple Genuine SSD 1 Tb NVMe Flash Storage Upgrade Kit for MacBook Pro Retina, Mac Pro, iMac Models. MZ-KKW1T00 655-1995A",3.8,21,$591.94 ,UsedLikeNew,integritytechinc.,integritytechinc._fulFillSELF_B01MXOLY8E,1
https://www.amazon.com/gp/offer-listing/B01MXOLY8E,B01MXOLY8E,"Apple Genuine SSD 1 Tb NVMe Flash Storage Upgrade Kit for MacBook Pro Retina, Mac Pro, iMac Models. MZ-KKW1T00 655-1995A",3.8,21,$624.00 ,UsedLikeNew,mglelectronics,mglelectronics_fulFillSELF_B01MXOLY8E,1
https://www.amazon.com/gp/offer-listing/B07GVNYWWJ,B07GVNYWWJ,MCE 512GB SSD for MacBook Air 2015 and MacBook Air 2017: PCIe-Based 4 Lane (x4) NVMe SSD Flash Storage Upgrade - Requires macOS 10.13.x (High Sierra) or Later,5,1,$179.99 ,New,maccomponentsengineered,maccomponentsengineered_fulFillSELF_B07GVNYWWJ,12
https://www.amazon.com/gp/offer-listing/B07GVNYWWJ,B07GVNYWWJ,MCE 512GB SSD for MacBook Air 2015 and MacBook Air 2017: PCIe-Based 4 Lane (x4) NVMe SSD Flash Storage Upgrade - Requires macOS 10.13.x (High Sierra) or Later,5,1,$169.00 ,New,integritytechinc.,integritytechinc._fulFillSELF_B07GVNYWWJ,5
https://www.amazon.com/gp/offer-listing/B078YHNMZH,B078YHNMZH,Transcend JetDrive 825 - Thunderbolt PCIe Portable SSD - 960GB Black (TS960GJDM825),4.2,13,$489.99 ,New,amazon.com,amazon.com_fulFillSELF_B078YHNMZH,20
https://www.amazon.com/gp/offer-listing/B078YHNMZH,B078YHNMZH,Transcend JetDrive 825 - Thunderbolt PCIe Portable SSD - 960GB Black (TS960GJDM825),4.2,13,$610.17 ,New,e-commerceworld,e-commerceworld_fulFillSELF_B078YHNMZH,1
https://www.amazon.com/gp/offer-listing/B078YHNMZH,B078YHNMZH,Transcend JetDrive 825 - Thunderbolt PCIe Portable SSD - 960GB Black (TS960GJDM825),4.2,13,$626.50 ,New,memoryc,memoryc_fulFillSELF_B078YHNMZH,1
https://www.amazon.com/gp/offer-listing/B078YHNMZH,B078YHNMZH,Transcend JetDrive 825 - Thunderbolt PCIe Portable SSD - 960GB Black (TS960GJDM825),4.2,13,$652.48 ,New,yoko'sstore,yoko'sstore_fulFillSELF_B078YHNMZH,1
https://www.amazon.com/gp/offer-listing/B078YHNMZH,B078YHNMZH,Transcend JetDrive 825 - Thunderbolt PCIe Portable SSD - 960GB Black (TS960GJDM825),4.2,13,$645.50 ,New,hotdeals4less®,hotdeals4less®_fulFillSELF_B078YHNMZH,1
https://www.amazon.com/gp/offer-listing/B078YHNMZH,B078YHNMZH,Transcend JetDrive 825 - Thunderbolt PCIe Portable SSD - 960GB Black (TS960GJDM825),4.2,13,$639.73 ,New,shippingfromeu,shippingfromeu_fulFillSELF_B078YHNMZH,2
https://www.amazon.com/gp/offer-listing/B078YHNMZH,B078YHNMZH,Transcend JetDrive 825 - Thunderbolt PCIe Portable SSD - 960GB Black (TS960GJDM825),4.2,13,$728.61 ,New,csasystems,csasystems_fulFillSELF_B078YHNMZH,2
https://www.amazon.com/gp/offer-listing/B076XM6XX8,B076XM6XX8,Owc Aura Prox 1.0TB Solid State Drive Upgrade Solution for MacBook Pro,2.9,39,$548.47 ,New,consumersupplyco,consumersupplyco_fulFillSELF_B076XM6XX8,2
https://www.amazon.com/gp/offer-listing/B076XM6XX8,B076XM6XX8,Owc Aura Prox 1.0TB Solid State Drive Upgrade Solution for MacBook Pro,2.9,39,$549.83 ,New,csasystems,csasystems_fulFillSELF_B076XM6XX8,0
https://www.amazon.com/gp/offer-listing/B076XM6XX8,B076XM6XX8,Owc Aura Prox 1.0TB Solid State Drive Upgrade Solution for MacBook Pro,2.9,39,$856.51 ,New,amufigadgetsus,amufigadgetsus_fulFillSELF_B076XM6XX8,4
https://www.amazon.com/gp/offer-listing/B076XM6XX8,B076XM6XX8,Owc Aura Prox 1.0TB Solid State Drive Upgrade Solution for MacBook Pro,2.9,39,$871.99 ,New,amufigadgetsus,amufigadgetsus_fulFillSELF_B076XM6XX8,2
https://www.amazon.com/gp/offer-listing/B076XM6XX8,B076XM6XX8,Owc Aura Prox 1.0TB Solid State Drive Upgrade Solution for MacBook Pro,2.9,39,$988.00 ,New,ersazza,ersazza_fulFillSELF_B076XM6XX8,3
https://www.amazon.com/gp/offer-listing/B07DT6KCGQ,B07DT6KCGQ,MCE 256GB SSD for MacBook Air 2015 and MacBook Air 2017: PCIe-Based 4 Lane (x4) NVMe SSD Flash Storage Upgrade - Requires macOS 10.13.x (High Sierra) or Later,4.5,0,$149.99 ,New,maccomponentsengineered,maccomponentsengineered_fulFillSELF_B07DT6KCGQ,44
https://www.amazon.com/gp/offer-listing/B07DCKLWQN,B07DCKLWQN,Transcend TS480GJDM850 480GB JetDrive 850 PCIe Gen3 x 4 Solid State Drive,3.8,11,$285.91 ,New,e-commerceworld,e-commerceworld_fulFillSELF_B07DCKLWQN,8
https://www.amazon.com/gp/offer-listing/B07DCKLWQN,B07DCKLWQN,Transcend TS480GJDM850 480GB JetDrive 850 PCIe Gen3 x 4 Solid State Drive,3.8,11,$269.99 ,New,amazon.com,amazon.com_fulFillSELF_B07DCKLWQN,20
https://www.amazon.com/gp/offer-listing/B01MTQX1N8,B01MTQX1N8,"Apple Genuine SSD 256 GB NVMe Flash Storage Upgrade Kit for MacBook Pro Retina, Mac Pro, iMac Models. MZ-KKW2560 655-1993A",3.5,2,$140.00 ,UsedLikeNew,macme,macme_fulFillSELF_B01MTQX1N8,5
https://www.amazon.com/gp/offer-listing/B01MTQX1N8,B01MTQX1N8,"Apple Genuine SSD 256 GB NVMe Flash Storage Upgrade Kit for MacBook Pro Retina, Mac Pro, iMac Models. MZ-KKW2560 655-1993A",3.5,2,$285.00 ,New,joltelectronics,joltelectronics_fulFillSELF_B01MTQX1N8,28
https://www.amazon.com/gp/offer-listing/B07JLZBSFF,B07JLZBSFF,"SHINESTAR 512GB SSD Upgrade Kit Replacement for Mid 2013 2014 2015 2016 2017 MacBook Air Pro Retina, PCIe Gen3 x4 NVME Solid State Drive for A1465 A1466 A1398 A1502 and Mac Pro",3,0,$188.99 ,New,bkbtech,bkbtech_fulFillSELF_B07JLZBSFF,20
https://www.amazon.com/gp/offer-listing/B0178UHFIY,B0178UHFIY,"Odyson - 256GB SSD (PCIe 3.0 x4, SSUBX) Replacement for MacBook Pro 13"" Retina A1502 (Early 2015), 15"" A1398 (Mid 2015)",4.8,13,$108.34 ,UsedGood,"powerbookmedic,llc","powerbookmedic,llc_fulFillSELF_B0178UHFIY",13
https://www.amazon.com/gp/offer-listing/B0178UHFIY,B0178UHFIY,"Odyson - 256GB SSD (PCIe 3.0 x4, SSUBX) Replacement for MacBook Pro 13"" Retina A1502 (Early 2015), 15"" A1398 (Mid 2015)",4.8,13,$109.00 ,UsedLikeNew,doubledexmacbooks,doubledexmacbooks_fulFillSELF_B0178UHFIY,2
https://www.amazon.com/gp/offer-listing/B0178UHFIY,B0178UHFIY,"Odyson - 256GB SSD (PCIe 3.0 x4, SSUBX) Replacement for MacBook Pro 13"" Retina A1502 (Early 2015), 15"" A1398 (Mid 2015)",4.8,13,$125.00 ,UsedLikeNew,loganitintegration,loganitintegration_fulFillSELF_B0178UHFIY,19
https://www.amazon.com/gp/offer-listing/B0178UHFIY,B0178UHFIY,"Odyson - 256GB SSD (PCIe 3.0 x4, SSUBX) Replacement for MacBook Pro 13"" Retina A1502 (Early 2015), 15"" A1398 (Mid 2015)",4.8,13,$149.00 ,UsedVeryGood,tekgalaxy,tekgalaxy_fulFillSELF_B0178UHFIY,3
https://www.amazon.com/gp/offer-listing/B0178UHFIY,B0178UHFIY,"Odyson - 256GB SSD (PCIe 3.0 x4, SSUBX) Replacement for MacBook Pro 13"" Retina A1502 (Early 2015), 15"" A1398 (Mid 2015)",4.8,13,$149.90 ,UsedVeryGood,cache-in,cache-in_fulFillSELF_B0178UHFIY,1
https://www.amazon.com/gp/offer-listing/B0178UHFIY,B0178UHFIY,"Odyson - 256GB SSD (PCIe 3.0 x4, SSUBX) Replacement for MacBook Pro 13"" Retina A1502 (Early 2015), 15"" A1398 (Mid 2015)",4.8,13,$179.00 ,UsedVeryGood,vamsikandi,vamsikandi_fulFillSELF_B0178UHFIY,1
https://www.amazon.com/gp/offer-listing/B0178UHFIY,B0178UHFIY,"Odyson - 256GB SSD (PCIe 3.0 x4, SSUBX) Replacement for MacBook Pro 13"" Retina A1502 (Early 2015), 15"" A1398 (Mid 2015)",4.8,13,$184.30 ,UsedLikeNew,beetstech,beetstech_fulFillSELF_B0178UHFIY,51
https://www.amazon.com/gp/offer-listing/B0178UHFIY,B0178UHFIY,"Odyson - 256GB SSD (PCIe 3.0 x4, SSUBX) Replacement for MacBook Pro 13"" Retina A1502 (Early 2015), 15"" A1398 (Mid 2015)",4.8,13,$171.50 ,New,integritytechinc.,integritytechinc._fulFillSELF_B0178UHFIY,4
https://www.amazon.com/gp/offer-listing/B0178UHFIY,B0178UHFIY,"Odyson - 256GB SSD (PCIe 3.0 x4, SSUBX) Replacement for MacBook Pro 13"" Retina A1502 (Early 2015), 15"" A1398 (Mid 2015)",4.8,13,$184.50 ,New,beetstech,beetstech_fulfillmentbyamazon_B0178UHFIY,1
https://www.amazon.com/gp/offer-listing/B0178UHFIY,B0178UHFIY,"Odyson - 256GB SSD (PCIe 3.0 x4, SSUBX) Replacement for MacBook Pro 13"" Retina A1502 (Early 2015), 15"" A1398 (Mid 2015)",4.8,13,$269.00 ,New,macpremiumparts,macpremiumparts_fulFillSELF_B0178UHFIY,3
https://www.amazon.com/gp/offer-listing/B0178T6JXM,B0178T6JXM,"Odyson - 128GB SSD (PCIe 3.0 x4, SSUBX) Replacement for MacBook Pro 13"" Retina A1502 (Early 2015), 15"" A1398 (Mid 2015)",3.9,7,$65.00 ,UsedLikeNew,adr7an,adr7an_fulFillSELF_B0178T6JXM,1
https://www.amazon.com/gp/offer-listing/B0178T6JXM,B0178T6JXM,"Odyson - 128GB SSD (PCIe 3.0 x4, SSUBX) Replacement for MacBook Pro 13"" Retina A1502 (Early 2015), 15"" A1398 (Mid 2015)",3.9,7,$95.00 ,UsedLikeNew,strategicsalesteam,strategicsalesteam_fulFillSELF_B0178T6JXM,1
https://www.amazon.com/gp/offer-listing/B0178T6JXM,B0178T6JXM,"Odyson - 128GB SSD (PCIe 3.0 x4, SSUBX) Replacement for MacBook Pro 13"" Retina A1502 (Early 2015), 15"" A1398 (Mid 2015)",3.9,7,$144.90 ,New,beetstech,beetstech_fulfillmentbyamazon_B0178T6JXM,16
https://www.amazon.com/gp/offer-listing/B0178T6JXM,B0178T6JXM,"Odyson - 128GB SSD (PCIe 3.0 x4, SSUBX) Replacement for MacBook Pro 13"" Retina A1502 (Early 2015), 15"" A1398 (Mid 2015)",3.9,7,$149.00 ,UsedVeryGood,brh1976,brh1976_fulFillSELF_B0178T6JXM,3
https://www.amazon.com/gp/offer-listing/B0178T6JXM,B0178T6JXM,"Odyson - 128GB SSD (PCIe 3.0 x4, SSUBX) Replacement for MacBook Pro 13"" Retina A1502 (Early 2015), 15"" A1398 (Mid 2015)",3.9,7,$149.99 ,New,joltelectronics,joltelectronics_fulFillSELF_B0178T6JXM,40
https://www.amazon.com/gp/offer-listing/B0178T6JXM,B0178T6JXM,"Odyson - 128GB SSD (PCIe 3.0 x4, SSUBX) Replacement for MacBook Pro 13"" Retina A1502 (Early 2015), 15"" A1398 (Mid 2015)",3.9,7,$124.00 ,UsedLikeNew,beetstech,beetstech_fulFillSELF_B0178T6JXM,16
https://www.amazon.com/gp/offer-listing/B0178T6JXM,B0178T6JXM,"Odyson - 128GB SSD (PCIe 3.0 x4, SSUBX) Replacement for MacBook Pro 13"" Retina A1502 (Early 2015), 15"" A1398 (Mid 2015)",3.9,7,$49.25 ,UsedGood,"powerbookmedic,llc","powerbookmedic,llc_fulFillSELF_B0178T6JXM",7
https://www.amazon.com/gp/offer-listing/B0178T6JXM,B0178T6JXM,"Odyson - 128GB SSD (PCIe 3.0 x4, SSUBX) Replacement for MacBook Pro 13"" Retina A1502 (Early 2015), 15"" A1398 (Mid 2015)",3.9,7,$49.99 ,UsedVeryGood,doubledexmacbooks,doubledexmacbooks_fulfillmentbyamazon_B0178T6JXM,8
https://www.amazon.com/gp/offer-listing/B0178T6JXM,B0178T6JXM,"Odyson - 128GB SSD (PCIe 3.0 x4, SSUBX) Replacement for MacBook Pro 13"" Retina A1502 (Early 2015), 15"" A1398 (Mid 2015)",3.9,7,$60.00 ,UsedLikeNew,allaboutpcparts,allaboutpcparts_fulFillSELF_B0178T6JXM,1
https://www.amazon.com/gp/offer-listing/B0178T6JXM,B0178T6JXM,"Odyson - 128GB SSD (PCIe 3.0 x4, SSUBX) Replacement for MacBook Pro 13"" Retina A1502 (Early 2015), 15"" A1398 (Mid 2015)",3.9,7,$99.95 ,UsedLikeNew,macblowouts,macblowouts_fulFillSELF_B0178T6JXM,0
https://www.amazon.com/gp/offer-listing/B07FBDT4C1,B07FBDT4C1,"MCE 256GB SSD for MacBook Pro (Retina, 15"", Mid 2015) Only: PCIe-Based 4 Lane (x4) NVMe 8.0GT/s SSD Flash Storage Upgrade - 2900MB/s Read, 1500MB/s Write, Requires macOS 10.13.x (High Sierra) or Later",4.5,0,$149.99 ,New,maccomponentsengineered,maccomponentsengineered_fulFillSELF_B07FBDT4C1,45
https://www.amazon.com/gp/offer-listing/B07GJYMKMV,B07GJYMKMV,Apple 256GB SSD Flash Storage Upgrade for Retina MacBook Pro 13in A1502 / Retina Macbook 15in A1398 / Macbook Air 11in A1465 / MacBook Air 13in A1466 / Late 2013 - Mid 2015 / (Renewed),5,0,$199.00 ,Renewed,smarthouse,smarthouse_fulFillSELF_B07GJYMKMV,5
https://www.amazon.com/gp/offer-listing/B0178U8GOQ,B0178U8GOQ,"Odyson - 256GB SSD (PCIe 3.0 x4, SSUBX) Replacement for MacBook Air 13"" A1466 (Early 2015, 2016, Mid 2017)",5,1,$155.95 ,UsedGood,"powerbookmedic,llc","powerbookmedic,llc_fulFillSELF_B0178U8GOQ",1
https://www.amazon.com/gp/offer-listing/B0178U8GOQ,B0178U8GOQ,"Odyson - 256GB SSD (PCIe 3.0 x4, SSUBX) Replacement for MacBook Air 13"" A1466 (Early 2015, 2016, Mid 2017)",5,1,$178.90 ,UsedLikeNew,beetstech,beetstech_fulFillSELF_B0178U8GOQ,51
https://www.amazon.com/gp/offer-listing/B0178U8GOQ,B0178U8GOQ,"Odyson - 256GB SSD (PCIe 3.0 x4, SSUBX) Replacement for MacBook Air 13"" A1466 (Early 2015, 2016, Mid 2017)",5,1,$184.90 ,New,beetstech,beetstech_fulFillSELF_B0178U8GOQ,51
https://www.amazon.com/gp/offer-listing/B0178U8GOQ,B0178U8GOQ,"Odyson - 256GB SSD (PCIe 3.0 x4, SSUBX) Replacement for MacBook Air 13"" A1466 (Early 2015, 2016, Mid 2017)",5,1,$194.90 ,New,beetstech,beetstech_fulfillmentbyamazon_B0178U8GOQ,1
https://www.amazon.com/gp/offer-listing/B0178U8GOQ,B0178U8GOQ,"Odyson - 256GB SSD (PCIe 3.0 x4, SSUBX) Replacement for MacBook Air 13"" A1466 (Early 2015, 2016, Mid 2017)",5,1,$299.00 ,UsedLikeNew,technointelligence,technointelligence_fulFillSELF_B0178U8GOQ,1
https://www.amazon.com/gp/offer-listing/B0178U8GOQ,B0178U8GOQ,"Odyson - 256GB SSD (PCIe 3.0 x4, SSUBX) Replacement for MacBook Air 13"" A1466 (Early 2015, 2016, Mid 2017)",5,1,$312.00 ,New,macpartsonline,macpartsonline_fulFillSELF_B0178U8GOQ,3
https://www.amazon.com/gp/offer-listing/B07M7VZFL3,B07M7VZFL3,"128GB SSD Solid State Drive for MacBook Pro 13"" A1502 MacBook 15"" A1398 MacBook Air 11"" 13"" A1465 A1466 2013 2014 (128gb)",4.5,0,$124.00 ,UsedVeryGood,digilandllc,digilandllc_fulFillSELF_B07M7VZFL3,6
https://www.amazon.com/gp/offer-listing/B07M7VZFL3,B07M7VZFL3,"128GB SSD Solid State Drive for MacBook Pro 13"" A1502 MacBook 15"" A1398 MacBook Air 11"" 13"" A1465 A1466 2013 2014 (128gb)",4.5,0,$149.00 ,UsedLikeNew,tekgalaxy,tekgalaxy_fulFillSELF_B07M7VZFL3,3
https://www.amazon.com/gp/offer-listing/B07M7VZFL3,B07M7VZFL3,"128GB SSD Solid State Drive for MacBook Pro 13"" A1502 MacBook 15"" A1398 MacBook Air 11"" 13"" A1465 A1466 2013 2014 (128gb)",4.5,0,$155.86 ,UsedGood,shenzhenshichuangyaoyangkejiyouxiangongsi,shenzhenshichuangyaoyangkejiyouxiangongsi_fulFillSELF_B07M7VZFL3,8
https://www.amazon.com/gp/offer-listing/B07BN1YQZZ,B07BN1YQZZ,"Odyson - 256GB SSD Upgrade Kit Replacement for MacBook Air 13"" A1466 (Mid 2015-2017)",5,0,$275.80 ,UsedLikeNew,beetstech,beetstech_fulFillSELF_B07BN1YQZZ,51
https://www.amazon.com/gp/offer-listing/B07BNZ7RZY,B07BNZ7RZY,"Odyson - 512GB SSD Upgrade Kit Replacement for MacBook Pro 13"" Retina A1502 & 15"" A1398 (Early 2015-Mid 2015)",5,0,$289.50 ,UsedLikeNew,beetstech,beetstech_fulFillSELF_B07BNZ7RZY,2
https://www.amazon.com/gp/offer-listing/B07BNZ7RZY,B07BNZ7RZY,"Odyson - 512GB SSD Upgrade Kit Replacement for MacBook Pro 13"" Retina A1502 & 15"" A1398 (Early 2015-Mid 2015)",5,0,$283.99 ,UsedVeryGood,digilandllc,digilandllc_fulFillSELF_B07BNZ7RZY,4
https://www.amazon.com/gp/offer-listing/B07BNZ7RZY,B07BNZ7RZY,"Odyson - 512GB SSD Upgrade Kit Replacement for MacBook Pro 13"" Retina A1502 & 15"" A1398 (Early 2015-Mid 2015)",5,0,$284.00 ,UsedLikeNew,tekgalaxy,tekgalaxy_fulFillSELF_B07BNZ7RZY,4
https://www.amazon.com/gp/offer-listing/B07QDPD1XY,B07QDPD1XY,"OWC 1.0TB Aura Pro X2 SSD for MacBook Air (Mid 2013-2017), and MacBook Pro (Retina, Late 2013 - Mid 2015) Computers (OWCS3DAPT4MB10)",4.2,8,$249.99 ,New,owc(otherworldcomputing),owc(otherworldcomputing)_fulFillSELF_B07QDPD1XY,999
https://www.amazon.com/gp/offer-listing/B076TBMZFZ,B076TBMZFZ,OWC 480GB Aura Pro X SSD for Select 2013 and Later MacBook Air and MacBook Pro Computers,3.2,47,$400.00 ,New,amufigadgetsus,amufigadgetsus_fulFillSELF_B076TBMZFZ,2
https://www.amazon.com/gp/offer-listing/B076TBMZFZ,B076TBMZFZ,OWC 480GB Aura Pro X SSD for Select 2013 and Later MacBook Air and MacBook Pro Computers,3.2,47,$457.60 ,New,amufigadgetsus,amufigadgetsus_fulFillSELF_B076TBMZFZ,2
https://www.amazon.com/gp/offer-listing/B076TBMZFZ,B076TBMZFZ,OWC 480GB Aura Pro X SSD for Select 2013 and Later MacBook Air and MacBook Pro Computers,3.2,47,$272.05 ,New,csasystems,csasystems_fulFillSELF_B076TBMZFZ,2
https://www.amazon.com/gp/offer-listing/B076TBMZFZ,B076TBMZFZ,OWC 480GB Aura Pro X SSD for Select 2013 and Later MacBook Air and MacBook Pro Computers,3.2,47,$565.00 ,New,ersazza,ersazza_fulFillSELF_B076TBMZFZ,3
https://www.amazon.com/gp/offer-listing/B076TBMZFZ,B076TBMZFZ,OWC 480GB Aura Pro X SSD for Select 2013 and Later MacBook Air and MacBook Pro Computers,3.2,47,$270.83 ,New,consumersupplyco,consumersupplyco_fulFillSELF_B076TBMZFZ,2
https://www.amazon.com/gp/offer-listing/B01AINK26K,B01AINK26K,"Odyson - 512GB SSD (PCIe 3.0 x4, SSUBX) Replacement for MacBook Pro 13"" Retina A1502 (Early 2015), 15"" A1398 (Mid 2015)",3.7,9,$239.88 ,UsedVeryGood,castro'smacs,castro'smacs_fulFillSELF_B01AINK26K,2
https://www.amazon.com/gp/offer-listing/B01AINK26K,B01AINK26K,"Odyson - 512GB SSD (PCIe 3.0 x4, SSUBX) Replacement for MacBook Pro 13"" Retina A1502 (Early 2015), 15"" A1398 (Mid 2015)",3.7,9,$249.90 ,New,beetstech,beetstech_fulfillmentbyamazon_B01AINK26K,1
https://www.amazon.com/gp/offer-listing/B01AINK26K,B01AINK26K,"Odyson - 512GB SSD (PCIe 3.0 x4, SSUBX) Replacement for MacBook Pro 13"" Retina A1502 (Early 2015), 15"" A1398 (Mid 2015)",3.7,9,$239.00 ,UsedLikeNew,beetstech,beetstech_fulFillSELF_B01AINK26K,2
https://www.amazon.com/gp/offer-listing/B01AINK26K,B01AINK26K,"Odyson - 512GB SSD (PCIe 3.0 x4, SSUBX) Replacement for MacBook Pro 13"" Retina A1502 (Early 2015), 15"" A1398 (Mid 2015)",3.7,9,$296.95 ,New,joltelectronics,joltelectronics_fulFillSELF_B01AINK26K,5
https://www.amazon.com/gp/offer-listing/B01AINK26K,B01AINK26K,"Odyson - 512GB SSD (PCIe 3.0 x4, SSUBX) Replacement for MacBook Pro 13"" Retina A1502 (Early 2015), 15"" A1398 (Mid 2015)",3.7,9,$249.90 ,New,beetstech,beetstech_fulFillSELF_B01AINK26K,2
https://www.amazon.com/gp/offer-listing/B01AINK26K,B01AINK26K,"Odyson - 512GB SSD (PCIe 3.0 x4, SSUBX) Replacement for MacBook Pro 13"" Retina A1502 (Early 2015), 15"" A1398 (Mid 2015)",3.7,9,$385.00 ,New,joltelectronics,joltelectronics_fulFillSELF_B01AINK26K,5
https://www.amazon.com/gp/offer-listing/B01AINK26K,B01AINK26K,"Odyson - 512GB SSD (PCIe 3.0 x4, SSUBX) Replacement for MacBook Pro 13"" Retina A1502 (Early 2015), 15"" A1398 (Mid 2015)",3.7,9,$175.95 ,UsedGood,"powerbookmedic,llc","powerbookmedic,llc_fulFillSELF_B01AINK26K",9
https://www.amazon.com/gp/offer-listing/B01AINK26K,B01AINK26K,"Odyson - 512GB SSD (PCIe 3.0 x4, SSUBX) Replacement for MacBook Pro 13"" Retina A1502 (Early 2015), 15"" A1398 (Mid 2015)",3.7,9,$204.99 ,UsedVeryGood,digilandllc,digilandllc_fulFillSELF_B01AINK26K,12
https://www.amazon.com/gp/offer-listing/B01AINK26K,B01AINK26K,"Odyson - 512GB SSD (PCIe 3.0 x4, SSUBX) Replacement for MacBook Pro 13"" Retina A1502 (Early 2015), 15"" A1398 (Mid 2015)",3.7,9,$240.00 ,UsedGood,integritytechinc.,integritytechinc._fulFillSELF_B01AINK26K,1
https://www.amazon.com/gp/offer-listing/B01AINK26K,B01AINK26K,"Odyson - 512GB SSD (PCIe 3.0 x4, SSUBX) Replacement for MacBook Pro 13"" Retina A1502 (Early 2015), 15"" A1398 (Mid 2015)",3.7,9,$274.95 ,New,macblowouts,macblowouts_fulFillSELF_B01AINK26K,13
https://www.amazon.com/gp/offer-listing/B07PF5GXM8,B07PF5GXM8,"128GB SSD Hard Drive for Apple MacBook Pro Air 11"" 13"" 15"" A1502 A1398 A1465 A1466 (Late 2013-2015) / OSX Sierra/Mac Pro A1481",4.5,0,$109.00 ,UsedVeryGood,digilandllc,digilandllc_fulFillSELF_B07PF5GXM8,3
https://www.amazon.com/gp/offer-listing/B07PF5GXM8,B07PF5GXM8,"128GB SSD Hard Drive for Apple MacBook Pro Air 11"" 13"" 15"" A1502 A1398 A1465 A1466 (Late 2013-2015) / OSX Sierra/Mac Pro A1481",4.5,0,$106.00 ,UsedGood,integritytechinc.,integritytechinc._fulFillSELF_B07PF5GXM8,1
https://www.amazon.com/gp/offer-listing/B07PF5GXM8,B07PF5GXM8,"128GB SSD Hard Drive for Apple MacBook Pro Air 11"" 13"" 15"" A1502 A1398 A1465 A1466 (Late 2013-2015) / OSX Sierra/Mac Pro A1481",4.5,0,$119.00 ,UsedLikeNew,mglelectronics,mglelectronics_fulFillSELF_B07PF5GXM8,3
https://www.amazon.com/gp/offer-listing/B07PF5GXM8,B07PF5GXM8,"128GB SSD Hard Drive for Apple MacBook Pro Air 11"" 13"" 15"" A1502 A1398 A1465 A1466 (Late 2013-2015) / OSX Sierra/Mac Pro A1481",4.5,0,$149.00 ,UsedLikeNew,tekgalaxy,tekgalaxy_fulFillSELF_B07PF5GXM8,3
https://www.amazon.com/gp/offer-listing/B07PF5GXM8,B07PF5GXM8,"128GB SSD Hard Drive for Apple MacBook Pro Air 11"" 13"" 15"" A1502 A1398 A1465 A1466 (Late 2013-2015) / OSX Sierra/Mac Pro A1481",4.5,0,$149.99 ,UsedGood,adventureexchange,adventureexchange_fulFillSELF_B07PF5GXM8,1
https://www.amazon.com/gp/offer-listing/B07PF5GXM8,B07PF5GXM8,"128GB SSD Hard Drive for Apple MacBook Pro Air 11"" 13"" 15"" A1502 A1398 A1465 A1466 (Late 2013-2015) / OSX Sierra/Mac Pro A1481",4.5,0,$155.55 ,UsedLikeNew,joltelectronics,joltelectronics_fulFillSELF_B07PF5GXM8,10
https://www.amazon.com/gp/offer-listing/B00TAW47O4,B00TAW47O4,"Command Mac Parts (661-7456, 661-7457, 661-7458) 128GB Solid State Drive - Apple MacBook Air 11"" A1465 (Mid 2013, Early 2014), 13"" A1466 (Mid 2013, Early 2014)",4.4,6,$93.88 ,UsedVeryGood,perfectgadzhets,perfectgadzhets_fulFillSELF_B00TAW47O4,2
https://www.amazon.com/gp/offer-listing/B00TAW47O4,B00TAW47O4,"Command Mac Parts (661-7456, 661-7457, 661-7458) 128GB Solid State Drive - Apple MacBook Air 11"" A1465 (Mid 2013, Early 2014), 13"" A1466 (Mid 2013, Early 2014)",4.4,6,$97.00 ,UsedVeryGood,pcmotec,pcmotec_fulFillSELF_B00TAW47O4,1
https://www.amazon.com/gp/offer-listing/B00TAW47O4,B00TAW47O4,"Command Mac Parts (661-7456, 661-7457, 661-7458) 128GB Solid State Drive - Apple MacBook Air 11"" A1465 (Mid 2013, Early 2014), 13"" A1466 (Mid 2013, Early 2014)",4.4,6,$139.80 ,New,beetstech,beetstech_fulfillmentbyamazon_B00TAW47O4,4
https://www.amazon.com/gp/offer-listing/B00TAW47O4,B00TAW47O4,"Command Mac Parts (661-7456, 661-7457, 661-7458) 128GB Solid State Drive - Apple MacBook Air 11"" A1465 (Mid 2013, Early 2014), 13"" A1466 (Mid 2013, Early 2014)",4.4,6,$129.00 ,UsedLikeNew,beetstech,beetstech_fulFillSELF_B00TAW47O4,25
https://www.amazon.com/gp/offer-listing/B00TAW47O4,B00TAW47O4,"Command Mac Parts (661-7456, 661-7457, 661-7458) 128GB Solid State Drive - Apple MacBook Air 11"" A1465 (Mid 2013, Early 2014), 13"" A1466 (Mid 2013, Early 2014)",4.4,6,$139.00 ,New,beetstech,beetstech_fulFillSELF_B00TAW47O4,25
https://www.amazon.com/gp/offer-listing/B00TAW47O4,B00TAW47O4,"Command Mac Parts (661-7456, 661-7457, 661-7458) 128GB Solid State Drive - Apple MacBook Air 11"" A1465 (Mid 2013, Early 2014), 13"" A1466 (Mid 2013, Early 2014)",4.4,6,$49.99 ,UsedLikeNew,doubledexmacbooks,doubledexmacbooks_fulfillmentbyamazon_B00TAW47O4,18
https://www.amazon.com/gp/offer-listing/B00TAW47O4,B00TAW47O4,"Command Mac Parts (661-7456, 661-7457, 661-7458) 128GB Solid State Drive - Apple MacBook Air 11"" A1465 (Mid 2013, Early 2014), 13"" A1466 (Mid 2013, Early 2014)",4.4,6,$75.16 ,UsedGood,"powerbookmedic,llc","powerbookmedic,llc_fulFillSELF_B00TAW47O4",5
https://www.amazon.com/gp/offer-listing/B00TAW47O4,B00TAW47O4,"Command Mac Parts (661-7456, 661-7457, 661-7458) 128GB Solid State Drive - Apple MacBook Air 11"" A1465 (Mid 2013, Early 2014), 13"" A1466 (Mid 2013, Early 2014)",4.4,6,$79.95 ,UsedLikeNew,macblowouts,macblowouts_fulFillSELF_B00TAW47O4,6
https://www.amazon.com/gp/offer-listing/B00TAW47O4,B00TAW47O4,"Command Mac Parts (661-7456, 661-7457, 661-7458) 128GB Solid State Drive - Apple MacBook Air 11"" A1465 (Mid 2013, Early 2014), 13"" A1466 (Mid 2013, Early 2014)",4.4,6,$88.88 ,UsedLikeNew,eagleeyeselectronics,eagleeyeselectronics_fulFillSELF_B00TAW47O4,571
https://www.amazon.com/gp/offer-listing/B00YWMDVF8,B00YWMDVF8,"Odyson - 256GB SSUAX SSD (PCIe 2.0 x2) Replacement for MacBook Air 11"" A1465 (Mid 2013, Early 2014), 13"" A1466 (Mid 2013, Early 2014)",5,5,$194.85 ,New,beetstech,beetstech_fulfillmentbyamazon_B00YWMDVF8,2
https://www.amazon.com/gp/offer-listing/B00YWMDVF8,B00YWMDVF8,"Odyson - 256GB SSUAX SSD (PCIe 2.0 x2) Replacement for MacBook Air 11"" A1465 (Mid 2013, Early 2014), 13"" A1466 (Mid 2013, Early 2014)",5,5,$178.00 ,UsedLikeNew,beetstech,beetstech_fulFillSELF_B00YWMDVF8,9
https://www.amazon.com/gp/offer-listing/B00YWMDVF8,B00YWMDVF8,"Odyson - 256GB SSUAX SSD (PCIe 2.0 x2) Replacement for MacBook Air 11"" A1465 (Mid 2013, Early 2014), 13"" A1466 (Mid 2013, Early 2014)",5,5,$255.00 ,UsedLikeNew,technointelligence,technointelligence_fulFillSELF_B00YWMDVF8,2
https://www.amazon.com/gp/offer-listing/B00YWMDVF8,B00YWMDVF8,"Odyson - 256GB SSUAX SSD (PCIe 2.0 x2) Replacement for MacBook Air 11"" A1465 (Mid 2013, Early 2014), 13"" A1466 (Mid 2013, Early 2014)",5,5,$120.95 ,UsedGood,"powerbookmedic,llc","powerbookmedic,llc_fulFillSELF_B00YWMDVF8",1
https://www.amazon.com/gp/offer-listing/B00YWMDVF8,B00YWMDVF8,"Odyson - 256GB SSUAX SSD (PCIe 2.0 x2) Replacement for MacBook Air 11"" A1465 (Mid 2013, Early 2014), 13"" A1466 (Mid 2013, Early 2014)",5,5,$124.98 ,UsedVeryGood,millenniumdeals,millenniumdeals_fulFillSELF_B00YWMDVF8,1
https://www.amazon.com/gp/offer-listing/B00YWMDVF8,B00YWMDVF8,"Odyson - 256GB SSUAX SSD (PCIe 2.0 x2) Replacement for MacBook Air 11"" A1465 (Mid 2013, Early 2014), 13"" A1466 (Mid 2013, Early 2014)",5,5,$124.99 ,UsedLikeNew,digilandllc,digilandllc_fulFillSELF_B00YWMDVF8,4
https://www.amazon.com/gp/offer-listing/B00YWMDVF8,B00YWMDVF8,"Odyson - 256GB SSUAX SSD (PCIe 2.0 x2) Replacement for MacBook Air 11"" A1465 (Mid 2013, Early 2014), 13"" A1466 (Mid 2013, Early 2014)",5,5,$125.00 ,UsedLikeNew,loganitintegration,loganitintegration_fulFillSELF_B00YWMDVF8,7
https://www.amazon.com/gp/offer-listing/B00YWMDVF8,B00YWMDVF8,"Odyson - 256GB SSUAX SSD (PCIe 2.0 x2) Replacement for MacBook Air 11"" A1465 (Mid 2013, Early 2014), 13"" A1466 (Mid 2013, Early 2014)",5,5,$126.67 ,UsedVeryGood,tekgalaxy,tekgalaxy_fulFillSELF_B00YWMDVF8,5
https://www.amazon.com/gp/offer-listing/B00YWMDVF8,B00YWMDVF8,"Odyson - 256GB SSUAX SSD (PCIe 2.0 x2) Replacement for MacBook Air 11"" A1465 (Mid 2013, Early 2014), 13"" A1466 (Mid 2013, Early 2014)",5,5,$139.95 ,UsedVeryGood,cache-in,cache-in_fulFillSELF_B00YWMDVF8,2
https://www.amazon.com/gp/offer-listing/B00YWMDVF8,B00YWMDVF8,"Odyson - 256GB SSUAX SSD (PCIe 2.0 x2) Replacement for MacBook Air 11"" A1465 (Mid 2013, Early 2014), 13"" A1466 (Mid 2013, Early 2014)",5,5,$157.77 ,UsedLikeNew,macblowouts,macblowouts_fulFillSELF_B00YWMDVF8,2
https://www.amazon.com/gp/offer-listing/B07MFZQH1B,B07MFZQH1B,"128GB SSD Hard Drive Apple MacBook Pro 13"" A1502 / Mac 15"" A1398 / Mac Air 11"" / 13"" A1465 A1466 OSX Sierra/Late 2013 - Mid 2015 / Mac Pro A1481",4.5,0,$148.90 ,UsedGood,adventureexchange,adventureexchange_fulFillSELF_B07MFZQH1B,1
https://www.amazon.com/gp/offer-listing/B07MFZQH1B,B07MFZQH1B,"128GB SSD Hard Drive Apple MacBook Pro 13"" A1502 / Mac 15"" A1398 / Mac Air 11"" / 13"" A1465 A1466 OSX Sierra/Late 2013 - Mid 2015 / Mac Pro A1481",4.5,0,$152.98 ,UsedVeryGood,digilandllc,digilandllc_fulFillSELF_B07MFZQH1B,7
https://www.amazon.com/gp/offer-listing/B07MFZQH1B,B07MFZQH1B,"128GB SSD Hard Drive Apple MacBook Pro 13"" A1502 / Mac 15"" A1398 / Mac Air 11"" / 13"" A1465 A1466 OSX Sierra/Late 2013 - Mid 2015 / Mac Pro A1481",4.5,0,$153.88 ,UsedVeryGood,mglelectronics,mglelectronics_fulFillSELF_B07MFZQH1B,6
https://www.amazon.com/gp/offer-listing/B07P41XBLM,B07P41XBLM,"TKDP 512GB SSD Hard Drive Replacement for MacBook Air Pro 11"" 13"" 15"" A1502 A1398 A1465 A1466 (Late 2013, 2014, 2015, 2016, 2017) / Mac Pro A1481 / Mojave / 5YR Warranty",3,0,$188.99 ,New,bkbtech,bkbtech_fulFillSELF_B07P41XBLM,20
https://www.amazon.com/gp/offer-listing/B07GKSW8Z1,B07GKSW8Z1,"for Apple 256GB SSD Hard Drive Suitable for MacBook Pro 13"" A1502 MacBook 15"" A1398 MacBook Air 11"" 13"" A1465 A1466 OSX Sierra Late 2013 2014 Mid 2015 (256gb)",5,0,$99.99 ,UsedLikeNew,doubledexmacbooks,doubledexmacbooks_fulfillmentbyamazon_B07GKSW8Z1,3
https://www.amazon.com/gp/offer-listing/B07GKSW8Z1,B07GKSW8Z1,"for Apple 256GB SSD Hard Drive Suitable for MacBook Pro 13"" A1502 MacBook 15"" A1398 MacBook Air 11"" 13"" A1465 A1466 OSX Sierra Late 2013 2014 Mid 2015 (256gb)",5,0,$104.00 ,UsedLikeNew,digilandllc,digilandllc_fulFillSELF_B07GKSW8Z1,6
https://www.amazon.com/gp/offer-listing/B07GKSW8Z1,B07GKSW8Z1,"for Apple 256GB SSD Hard Drive Suitable for MacBook Pro 13"" A1502 MacBook 15"" A1398 MacBook Air 11"" 13"" A1465 A1466 OSX Sierra Late 2013 2014 Mid 2015 (256gb)",5,0,$108.00 ,UsedVeryGood,mglelectronics,mglelectronics_fulFillSELF_B07GKSW8Z1,20
https://www.amazon.com/gp/offer-listing/B07GKSW8Z1,B07GKSW8Z1,"for Apple 256GB SSD Hard Drive Suitable for MacBook Pro 13"" A1502 MacBook 15"" A1398 MacBook Air 11"" 13"" A1465 A1466 OSX Sierra Late 2013 2014 Mid 2015 (256gb)",5,0,$265.80 ,UsedGood,shenzhenshichuangyaoyangkejiyouxiangongsi,shenzhenshichuangyaoyangkejiyouxiangongsi_fulFillSELF_B07GKSW8Z1,100
https://www.amazon.com/gp/offer-listing/B00YWMOD14,B00YWMOD14,"Odyson - 256GB SSUAX SSD (PCIe 2.0 x2) Replacement for MacBook Air 11"" A1465 (Mid 2013, Early 2014), 13"" A1466 (Mid 2013, Early 2014)",4.6,3,$195.00 ,New,beetstech,beetstech_fulfillmentbyamazon_B00YWMOD14,3
https://www.amazon.com/gp/offer-listing/B00YWMOD14,B00YWMOD14,"Odyson - 256GB SSUAX SSD (PCIe 2.0 x2) Replacement for MacBook Air 11"" A1465 (Mid 2013, Early 2014), 13"" A1466 (Mid 2013, Early 2014)",4.6,3,$184.00 ,UsedLikeNew,beetstech,beetstech_fulFillSELF_B00YWMOD14,9
https://www.amazon.com/gp/offer-listing/B00YWMOD14,B00YWMOD14,"Odyson - 256GB SSUAX SSD (PCIe 2.0 x2) Replacement for MacBook Air 11"" A1465 (Mid 2013, Early 2014), 13"" A1466 (Mid 2013, Early 2014)",4.6,3,$195.00 ,New,beetstech,beetstech_fulFillSELF_B00YWMOD14,9
https://www.amazon.com/gp/offer-listing/B00YWMOD14,B00YWMOD14,"Odyson - 256GB SSUAX SSD (PCIe 2.0 x2) Replacement for MacBook Air 11"" A1465 (Mid 2013, Early 2014), 13"" A1466 (Mid 2013, Early 2014)",4.6,3,$99.99 ,UsedLikeNew,doubledexmacbooks,doubledexmacbooks_fulfillmentbyamazon_B00YWMOD14,9
https://www.amazon.com/gp/offer-listing/B00YWMOD14,B00YWMOD14,"Odyson - 256GB SSUAX SSD (PCIe 2.0 x2) Replacement for MacBook Air 11"" A1465 (Mid 2013, Early 2014), 13"" A1466 (Mid 2013, Early 2014)",4.6,3,$104.99 ,UsedLikeNew,tekgalaxy,tekgalaxy_fulFillSELF_B00YWMOD14,8
https://www.amazon.com/gp/offer-listing/B00YWMOD14,B00YWMOD14,"Odyson - 256GB SSUAX SSD (PCIe 2.0 x2) Replacement for MacBook Air 11"" A1465 (Mid 2013, Early 2014), 13"" A1466 (Mid 2013, Early 2014)",4.6,3,$104.99 ,UsedVeryGood,millenniumdeals,millenniumdeals_fulFillSELF_B00YWMOD14,1
https://www.amazon.com/gp/offer-listing/B00YWMOD14,B00YWMOD14,"Odyson - 256GB SSUAX SSD (PCIe 2.0 x2) Replacement for MacBook Air 11"" A1465 (Mid 2013, Early 2014), 13"" A1466 (Mid 2013, Early 2014)",4.6,3,$127.56 ,UsedGood,"powerbookmedic,llc","powerbookmedic,llc_fulFillSELF_B00YWMOD14",2
https://www.amazon.com/gp/offer-listing/B00YWMOD14,B00YWMOD14,"Odyson - 256GB SSUAX SSD (PCIe 2.0 x2) Replacement for MacBook Air 11"" A1465 (Mid 2013, Early 2014), 13"" A1466 (Mid 2013, Early 2014)",4.6,3,$138.99 ,UsedLikeNew,macblowouts,macblowouts_fulFillSELF_B00YWMOD14,5
https://www.amazon.com/gp/offer-listing/B00YWMOD14,B00YWMOD14,"Odyson - 256GB SSUAX SSD (PCIe 2.0 x2) Replacement for MacBook Air 11"" A1465 (Mid 2013, Early 2014), 13"" A1466 (Mid 2013, Early 2014)",4.6,3,$198.88 ,UsedLikeNew,eagleeyeselectronics,eagleeyeselectronics_fulFillSELF_B00YWMOD14,86
https://www.amazon.com/gp/offer-listing/B07PKFXBZC,B07PKFXBZC,"256GB SSD Hard Drive for Apple MacBook Pro Air 11"" 13"" 15"" A1502 A1398 A1465 A1466 (Late 2013-2015) / OSX Sierra/Mac Pro A1481",5,1,$104.00 ,UsedLikeNew,digilandllc,digilandllc_fulFillSELF_B07PKFXBZC,3
https://www.amazon.com/gp/offer-listing/B07PKFXBZC,B07PKFXBZC,"256GB SSD Hard Drive for Apple MacBook Pro Air 11"" 13"" 15"" A1502 A1398 A1465 A1466 (Late 2013-2015) / OSX Sierra/Mac Pro A1481",5,1,$109.00 ,UsedLikeNew,mglelectronics,mglelectronics_fulFillSELF_B07PKFXBZC,3
https://www.amazon.com/gp/offer-listing/B07PKFXBZC,B07PKFXBZC,"256GB SSD Hard Drive for Apple MacBook Pro Air 11"" 13"" 15"" A1502 A1398 A1465 A1466 (Late 2013-2015) / OSX Sierra/Mac Pro A1481",5,1,$119.00 ,UsedLikeNew,doubledexmacbooks,doubledexmacbooks_fulfillmentbyamazon_B07PKFXBZC,6
https://www.amazon.com/gp/offer-listing/B07PKFXBZC,B07PKFXBZC,"256GB SSD Hard Drive for Apple MacBook Pro Air 11"" 13"" 15"" A1502 A1398 A1465 A1466 (Late 2013-2015) / OSX Sierra/Mac Pro A1481",5,1,$134.99 ,UsedLikeNew,tekgalaxy,tekgalaxy_fulFillSELF_B07PKFXBZC,3
https://www.amazon.com/gp/offer-listing/B07PKFXBZC,B07PKFXBZC,"256GB SSD Hard Drive for Apple MacBook Pro Air 11"" 13"" 15"" A1502 A1398 A1465 A1466 (Late 2013-2015) / OSX Sierra/Mac Pro A1481",5,1,$150.00 ,UsedGood,integritytechinc.,integritytechinc._fulFillSELF_B07PKFXBZC,1
https://www.amazon.com/gp/offer-listing/B07PKFXBZC,B07PKFXBZC,"256GB SSD Hard Drive for Apple MacBook Pro Air 11"" 13"" 15"" A1502 A1398 A1465 A1466 (Late 2013-2015) / OSX Sierra/Mac Pro A1481",5,1,$199.99 ,UsedLikeNew,joltelectronics,joltelectronics_fulFillSELF_B07PKFXBZC,10
https://www.amazon.com/gp/offer-listing/B00YWOG888,B00YWOG888,"Odyson - 512GB SSD Replacement for MacBook Air 11"" A1465, 13"" A1466 (Mid 2013, Early 2014)",5,3,$189.00 ,UsedGood,cryptocal,cryptocal_fulFillSELF_B00YWOG888,5
https://www.amazon.com/gp/offer-listing/B00YWOG888,B00YWOG888,"Odyson - 512GB SSD Replacement for MacBook Air 11"" A1465, 13"" A1466 (Mid 2013, Early 2014)",5,3,$199.93 ,UsedVeryGood,digilandllc,digilandllc_fulFillSELF_B00YWOG888,10
https://www.amazon.com/gp/offer-listing/B00YWOG888,B00YWOG888,"Odyson - 512GB SSD Replacement for MacBook Air 11"" A1465, 13"" A1466 (Mid 2013, Early 2014)",5,3,$199.94 ,UsedLikeNew,tekgalaxy,tekgalaxy_fulFillSELF_B00YWOG888,5
https://www.amazon.com/gp/offer-listing/B00YWOG888,B00YWOG888,"Odyson - 512GB SSD Replacement for MacBook Air 11"" A1465, 13"" A1466 (Mid 2013, Early 2014)",5,3,$199.95 ,UsedVeryGood,macblowouts,macblowouts_fulFillSELF_B00YWOG888,10
https://www.amazon.com/gp/offer-listing/B00YWOG888,B00YWOG888,"Odyson - 512GB SSD Replacement for MacBook Air 11"" A1465, 13"" A1466 (Mid 2013, Early 2014)",5,3,$204.90 ,UsedLikeNew,beetstech,beetstech_fulFillSELF_B00YWOG888,4
https://www.amazon.com/gp/offer-listing/B00YWOG888,B00YWOG888,"Odyson - 512GB SSD Replacement for MacBook Air 11"" A1465, 13"" A1466 (Mid 2013, Early 2014)",5,3,$224.00 ,New,beetstech,beetstech_fulfillmentbyamazon_B00YWOG888,2
https://www.amazon.com/gp/offer-listing/B00YWOG888,B00YWOG888,"Odyson - 512GB SSD Replacement for MacBook Air 11"" A1465, 13"" A1466 (Mid 2013, Early 2014)",5,3,$229.80 ,New,beetstech,beetstech_fulFillSELF_B00YWOG888,4
https://www.amazon.com/gp/offer-listing/B00YWOG888,B00YWOG888,"Odyson - 512GB SSD Replacement for MacBook Air 11"" A1465, 13"" A1466 (Mid 2013, Early 2014)",5,3,$299.89 ,New,macblowouts,macblowouts_fulFillSELF_B00YWOG888,10
https://www.amazon.com/gp/offer-listing/B00YWOG888,B00YWOG888,"Odyson - 512GB SSD Replacement for MacBook Air 11"" A1465, 13"" A1466 (Mid 2013, Early 2014)",5,3,$349.00 ,New,macpartsonline,macpartsonline_fulFillSELF_B00YWOG888,4
https://www.amazon.com/gp/offer-listing/B07PG3MNVH,B07PG3MNVH,"512GB SSD Hard Drive for Apple MacBook Pro Air 11"" 13"" 15"" A1502 A1398 A1465 A1466 (Late 2013-2015) / OSX Sierra/Mac Pro A1481",5,0,$333.33 ,UsedLikeNew,joltelectronics,joltelectronics_fulFillSELF_B07PG3MNVH,5
https://www.amazon.com/gp/offer-listing/B07PG3MNVH,B07PG3MNVH,"512GB SSD Hard Drive for Apple MacBook Pro Air 11"" 13"" 15"" A1502 A1398 A1465 A1466 (Late 2013-2015) / OSX Sierra/Mac Pro A1481",5,0,$256.00 ,UsedGood,integritytechinc.,integritytechinc._fulFillSELF_B07PG3MNVH,1
https://www.amazon.com/gp/offer-listing/B07PG3MNVH,B07PG3MNVH,"512GB SSD Hard Drive for Apple MacBook Pro Air 11"" 13"" 15"" A1502 A1398 A1465 A1466 (Late 2013-2015) / OSX Sierra/Mac Pro A1481",5,0,$268.99 ,UsedVeryGood,digilandllc,digilandllc_fulFillSELF_B07PG3MNVH,3
https://www.amazon.com/gp/offer-listing/B07PG3MNVH,B07PG3MNVH,"512GB SSD Hard Drive for Apple MacBook Pro Air 11"" 13"" 15"" A1502 A1398 A1465 A1466 (Late 2013-2015) / OSX Sierra/Mac Pro A1481",5,0,$269.00 ,UsedLikeNew,tekgalaxy,tekgalaxy_fulFillSELF_B07PG3MNVH,2
https://www.amazon.com/gp/offer-listing/B07PG3MNVH,B07PG3MNVH,"512GB SSD Hard Drive for Apple MacBook Pro Air 11"" 13"" 15"" A1502 A1398 A1465 A1466 (Late 2013-2015) / OSX Sierra/Mac Pro A1481",5,0,$274.00 ,UsedLikeNew,mglelectronics,mglelectronics_fulFillSELF_B07PG3MNVH,3
https://www.amazon.com/gp/offer-listing/B07NNYV7V4,B07NNYV7V4,"ShineBear Genuine 2015 Year for MacBook Air & Pro Retina 11"" 13"" 15"" A1502 A1398 A1466 A1465 SSD Solid State Drive 128GB 256GB 512GB 1TB - (Cable Length: Original, Color: 1TB)",4.5,0,"$1,341.10 ",New,zereff,zereff_fulFillSELF_B07NNYV7V4,50
https://www.amazon.com/gp/offer-listing/B01ATIQNMQ,B01ATIQNMQ,Apple SSD Samsung 256GB for Macbook Pro Retina late 2013/14 MZ-JPU256T/0A6,5,2,$99.99 ,UsedVeryGood,budgetgoods,budgetgoods_fulFillSELF_B01ATIQNMQ,5
https://www.amazon.com/gp/offer-listing/B01ATIQNMQ,B01ATIQNMQ,Apple SSD Samsung 256GB for Macbook Pro Retina late 2013/14 MZ-JPU256T/0A6,5,2,$197.00 ,UsedLikeNew,beetstech,beetstech_fulFillSELF_B01ATIQNMQ,9
https://www.amazon.com/gp/offer-listing/B01ATIQNMQ,B01ATIQNMQ,Apple SSD Samsung 256GB for Macbook Pro Retina late 2013/14 MZ-JPU256T/0A6,5,2,$99.99 ,UsedLikeNew,doubledexmacbooks,doubledexmacbooks_fulfillmentbyamazon_B01ATIQNMQ,5
https://www.amazon.com/gp/offer-listing/B01ATIQNMQ,B01ATIQNMQ,Apple SSD Samsung 256GB for Macbook Pro Retina late 2013/14 MZ-JPU256T/0A6,5,2,$109.00 ,UsedVeryGood,millenniumdeals,millenniumdeals_fulFillSELF_B01ATIQNMQ,1
https://www.amazon.com/gp/offer-listing/B00U6ET0JM,B00U6ET0JM,"Odyson - 128GB SSD Replacement for MacBook Pro 13"" Retina A1502, 15"" A1398 (Late 2013, Mid 2014)",5,5,$55.00 ,UsedVeryGood,digitalsoft,digitalsoft_fulFillSELF_B00U6ET0JM,1
https://www.amazon.com/gp/offer-listing/B00U6ET0JM,B00U6ET0JM,"Odyson - 128GB SSD Replacement for MacBook Pro 13"" Retina A1502, 15"" A1398 (Late 2013, Mid 2014)",5,5,$130.00 ,UsedVeryGood,sunraygroupe,sunraygroupe_fulFillSELF_B00U6ET0JM,1
https://www.amazon.com/gp/offer-listing/B00U6ET0JM,B00U6ET0JM,"Odyson - 128GB SSD Replacement for MacBook Pro 13"" Retina A1502, 15"" A1398 (Late 2013, Mid 2014)",5,5,$144.95 ,New,beetstech,beetstech_fulfillmentbyamazon_B00U6ET0JM,3
https://www.amazon.com/gp/offer-listing/B00U6ET0JM,B00U6ET0JM,"Odyson - 128GB SSD Replacement for MacBook Pro 13"" Retina A1502, 15"" A1398 (Late 2013, Mid 2014)",5,5,$139.99 ,New,joltelectronics,joltelectronics_fulFillSELF_B00U6ET0JM,20
https://www.amazon.com/gp/offer-listing/B00U6ET0JM,B00U6ET0JM,"Odyson - 128GB SSD Replacement for MacBook Pro 13"" Retina A1502, 15"" A1398 (Late 2013, Mid 2014)",5,5,$129.00 ,UsedLikeNew,beetstech,beetstech_fulFillSELF_B00U6ET0JM,25
https://www.amazon.com/gp/offer-listing/B00U6ET0JM,B00U6ET0JM,"Odyson - 128GB SSD Replacement for MacBook Pro 13"" Retina A1502, 15"" A1398 (Late 2013, Mid 2014)",5,5,$142.63 ,New,beetstech,beetstech_fulFillSELF_B00U6ET0JM,25
https://www.amazon.com/gp/offer-listing/B00U6ET0JM,B00U6ET0JM,"Odyson - 128GB SSD Replacement for MacBook Pro 13"" Retina A1502, 15"" A1398 (Late 2013, Mid 2014)",5,5,$49.99 ,UsedLikeNew,doubledexmacbooks,doubledexmacbooks_fulfillmentbyamazon_B00U6ET0JM,6
https://www.amazon.com/gp/offer-listing/B00U6ET0JM,B00U6ET0JM,"Odyson - 128GB SSD Replacement for MacBook Pro 13"" Retina A1502, 15"" A1398 (Late 2013, Mid 2014)",5,5,$76.76 ,UsedGood,"powerbookmedic,llc","powerbookmedic,llc_fulFillSELF_B00U6ET0JM",3
https://www.amazon.com/gp/offer-listing/B00U6ET0JM,B00U6ET0JM,"Odyson - 128GB SSD Replacement for MacBook Pro 13"" Retina A1502, 15"" A1398 (Late 2013, Mid 2014)",5,5,$134.00 ,UsedLikeNew,digilandllc,digilandllc_fulFillSELF_B00U6ET0JM,12
https://www.amazon.com/gp/offer-listing/B07PKC6JY1,B07PKC6JY1,"1TB SSD Hard Drive for Apple MacBook Pro Air 11"" 13"" 15"" A1502 A1398 A1465 A1466 (Late 2013-2015) / OSX Sierra/Mac Pro A1481",5,0,$599.00 ,UsedGood,integritytechinc.,integritytechinc._fulFillSELF_B07PKC6JY1,2
https://www.amazon.com/gp/offer-listing/B076ZVTRPC,B076ZVTRPC,Owc Aura Prox 2.0TB Solid State Drive Upgrade Solution for Mac Pro,2.9,22,"$1,889.99 ",New,amufigadgetsus,amufigadgetsus_fulFillSELF_B076ZVTRPC,1
https://www.amazon.com/gp/offer-listing/B076ZVTRPC,B076ZVTRPC,Owc Aura Prox 2.0TB Solid State Drive Upgrade Solution for Mac Pro,2.9,22,"$1,143.92 ",New,csasystems,csasystems_fulFillSELF_B076ZVTRPC,2
https://www.amazon.com/gp/offer-listing/B076ZVTRPC,B076ZVTRPC,Owc Aura Prox 2.0TB Solid State Drive Upgrade Solution for Mac Pro,2.9,22,"$1,144.27 ",New,consumersupplyco,consumersupplyco_fulFillSELF_B076ZVTRPC,2
https://www.amazon.com/gp/offer-listing/B07NNP1R1J,B07NNP1R1J,"ShineBear Genuine 2013 2014 Year for Apple MacBook Pro Retina A1502 A1398 Air A1466 A1465 SSD Solid State Drive 128GB 256GB 512GB 1TB SSD - (Cable Length: Original, Color: 256GB)",4.5,0,$505.10 ,New,zereff,zereff_fulFillSELF_B07NNP1R1J,50
https://www.amazon.com/gp/offer-listing/B07NNP1R1J,B07NNP1R1J,"ShineBear Genuine 2013 2014 Year for Apple MacBook Pro Retina A1502 A1398 Air A1466 A1465 SSD Solid State Drive 128GB 256GB 512GB 1TB SSD - (Cable Length: Original, Color: 256GB)",4.5,0,$119.00 ,UsedLikeNew,doubledexmacbooks,doubledexmacbooks_fulFillSELF_B07NNP1R1J,3
https://www.amazon.com/gp/offer-listing/B07FY2TFN5,B07FY2TFN5,"Odyson - 1TB SSUAX SSD (PCIe 2.0 x4) Replacement for MacBook Pro 13"" Retina, 15"" A502, A1398 (Late 2013-Late 2014)",5,0,$429.00 ,UsedLikeNew,beetstech,beetstech_fulFillSELF_B07FY2TFN5,2
https://www.amazon.com/gp/offer-listing/B07FY2TFN5,B07FY2TFN5,"Odyson - 1TB SSUAX SSD (PCIe 2.0 x4) Replacement for MacBook Pro 13"" Retina, 15"" A502, A1398 (Late 2013-Late 2014)",5,0,$420.00 ,UsedGood,cryptocal,cryptocal_fulFillSELF_B07FY2TFN5,5
https://www.amazon.com/gp/offer-listing/B07FY2TFN5,B07FY2TFN5,"Odyson - 1TB SSUAX SSD (PCIe 2.0 x4) Replacement for MacBook Pro 13"" Retina, 15"" A502, A1398 (Late 2013-Late 2014)",5,0,$429.00 ,UsedLikeNew,macpartsonline,macpartsonline_fulFillSELF_B07FY2TFN5,15
https://www.amazon.com/gp/offer-listing/B07FY2TFN5,B07FY2TFN5,"Odyson - 1TB SSUAX SSD (PCIe 2.0 x4) Replacement for MacBook Pro 13"" Retina, 15"" A502, A1398 (Late 2013-Late 2014)",5,0,$499.00 ,New,macpartsonline,macpartsonline_fulFillSELF_B07FY2TFN5,15
https://www.amazon.com/gp/offer-listing/B073R1WX9W,B073R1WX9W,"Odyson - 256GB SSD Replacement for MacBook Air 11"" A1465 (Early 2015)",5,0,$219.88 ,UsedLikeNew,beetstech,beetstech_fulFillSELF_B073R1WX9W,1
https://www.amazon.com/gp/offer-listing/B073R1WX9W,B073R1WX9W,"Odyson - 256GB SSD Replacement for MacBook Air 11"" A1465 (Early 2015)",5,0,$209.00 ,UsedLikeNew,digilandllc,digilandllc_fulFillSELF_B073R1WX9W,4
https://www.amazon.com/gp/offer-listing/B07FXXLSVC,B07FXXLSVC,Odyson - 1TB SSUBX SSD (PCIe 3.0 x4) Replacement for iMac & Mac Pro (Late 2013-2015),5,0,$419.90 ,New,beetstech,beetstech_fulFillSELF_B07FXXLSVC,9
https://www.amazon.com/gp/offer-listing/B07FXXLSVC,B07FXXLSVC,Odyson - 1TB SSUBX SSD (PCIe 3.0 x4) Replacement for iMac & Mac Pro (Late 2013-2015),5,0,$419.90 ,New,beetstech,beetstech_fulfillmentbyamazon_B07FXXLSVC,1
https://www.amazon.com/gp/offer-listing/B07FXXLSVC,B07FXXLSVC,Odyson - 1TB SSUBX SSD (PCIe 3.0 x4) Replacement for iMac & Mac Pro (Late 2013-2015),5,0,$629.23 ,New,macpartsonline,macpartsonline_fulFillSELF_B07FXXLSVC,12
https://www.amazon.com/gp/offer-listing/B07P1VF437,B07P1VF437,"1TB SSD Kit for 2013-2017 Apple MacBook Air/Pro, Mac Pro",0,0,$295.51 ,New,its_ramev,its_ramev_fulFillSELF_B07P1VF437,6
https://www.amazon.com/gp/offer-listing/B07BN4FM6S,B07BN4FM6S,"Odyson - 256GB SSD Upgrade Kit Replacement for MacBook Air 11"" A1465 (Early 2015)",5,0,$229.62 ,UsedLikeNew,beetstech,beetstech_fulFillSELF_B07BN4FM6S,1
https://www.amazon.com/gp/offer-listing/B00VR1HC7U,B00VR1HC7U,"3CLeader SSD Solid State Drive for MacBook Pro 15"" Retina A1398 Late 2013 512GB 655-1805D",5,0,$273.50 ,UsedVeryGood,justcomical,justcomical_fulFillSELF_B00VR1HC7U,1
https://www.amazon.com/gp/offer-listing/B00VR1HC7U,B00VR1HC7U,"3CLeader SSD Solid State Drive for MacBook Pro 15"" Retina A1398 Late 2013 512GB 655-1805D",5,0,$273.50 ,UsedVeryGood,millenniumdeals,millenniumdeals_fulFillSELF_B00VR1HC7U,1
https://www.amazon.com/gp/offer-listing/B00VR1HC7U,B00VR1HC7U,"3CLeader SSD Solid State Drive for MacBook Pro 15"" Retina A1398 Late 2013 512GB 655-1805D",5,0,$349.00 ,UsedAcceptable,bkbtech,bkbtech_fulFillSELF_B00VR1HC7U,10
https://www.amazon.com/gp/offer-listing/B07MMNDQ6P,B07MMNDQ6P,"512GB SSD Solid State Drive for MacBook Air 11"" A1465 13"" A1466 A1502 15"" A1398 Mid 2013 Mid 2014 655-1805A (512GB)",4.5,0,$181.25 ,UsedVeryGood,lpi,lpi_fulFillSELF_B07MMNDQ6P,1
https://www.amazon.com/gp/offer-listing/B07MMNDQ6P,B07MMNDQ6P,"512GB SSD Solid State Drive for MacBook Air 11"" A1465 13"" A1466 A1502 15"" A1398 Mid 2013 Mid 2014 655-1805A (512GB)",4.5,0,$188.95 ,UsedGood,bkbtech,bkbtech_fulFillSELF_B07MMNDQ6P,3
https://www.amazon.com/gp/offer-listing/B07MMNDQ6P,B07MMNDQ6P,"512GB SSD Solid State Drive for MacBook Air 11"" A1465 13"" A1466 A1502 15"" A1398 Mid 2013 Mid 2014 655-1805A (512GB)",4.5,0,$188.96 ,UsedVeryGood,millenniumdeals,millenniumdeals_fulFillSELF_B07MMNDQ6P,1
https://www.amazon.com/gp/offer-listing/B07MMNDQ6P,B07MMNDQ6P,"512GB SSD Solid State Drive for MacBook Air 11"" A1465 13"" A1466 A1502 15"" A1398 Mid 2013 Mid 2014 655-1805A (512GB)",4.5,0,$224.00 ,UsedVeryGood,digilandllc,digilandllc_fulFillSELF_B07MMNDQ6P,7
https://www.amazon.com/gp/offer-listing/B07MMNDQ6P,B07MMNDQ6P,"512GB SSD Solid State Drive for MacBook Air 11"" A1465 13"" A1466 A1502 15"" A1398 Mid 2013 Mid 2014 655-1805A (512GB)",4.5,0,$296.64 ,UsedVeryGood,tekgalaxy,tekgalaxy_fulFillSELF_B07MMNDQ6P,4
https://www.amazon.com/gp/offer-listing/B07MMNDQ6P,B07MMNDQ6P,"512GB SSD Solid State Drive for MacBook Air 11"" A1465 13"" A1466 A1502 15"" A1398 Mid 2013 Mid 2014 655-1805A (512GB)",4.5,0,$378.86 ,UsedGood,shenzhenshichuangyaoyangkejiyouxiangongsi,shenzhenshichuangyaoyangkejiyouxiangongsi_fulFillSELF_B07MMNDQ6P,5
https://www.amazon.com/gp/offer-listing/B07FQYTG1L,B07FQYTG1L,"Odyson - 512GB SSUBX SSD (PCIe 3.0 x4) Replacement for MacBook Air 13"" A1466 (Early 2015-2017)",3,0,$188.99 ,UsedGood,bkbtech,bkbtech_fulFillSELF_B07FQYTG1L,3
https://www.amazon.com/gp/offer-listing/B07FQYTG1L,B07FQYTG1L,"Odyson - 512GB SSUBX SSD (PCIe 3.0 x4) Replacement for MacBook Air 13"" A1466 (Early 2015-2017)",3,0,$289.95 ,UsedLikeNew,beetstech,beetstech_fulFillSELF_B07FQYTG1L,2
https://www.amazon.com/gp/offer-listing/B07FQYTG1L,B07FQYTG1L,"Odyson - 512GB SSUBX SSD (PCIe 3.0 x4) Replacement for MacBook Air 13"" A1466 (Early 2015-2017)",3,0,$375.00 ,UsedGood,itassets,itassets_fulFillSELF_B07FQYTG1L,2
https://www.amazon.com/gp/offer-listing/B07FQYTG1L,B07FQYTG1L,"Odyson - 512GB SSUBX SSD (PCIe 3.0 x4) Replacement for MacBook Air 13"" A1466 (Early 2015-2017)",3,0,$399.00 ,UsedLikeNew,loganitintegration,loganitintegration_fulFillSELF_B07FQYTG1L,4
https://www.amazon.com/gp/offer-listing/B07FQYTG1L,B07FQYTG1L,"Odyson - 512GB SSUBX SSD (PCIe 3.0 x4) Replacement for MacBook Air 13"" A1466 (Early 2015-2017)",3,0,$667.31 ,New,macpartsonline,macpartsonline_fulFillSELF_B07FQYTG1L,5
https://www.amazon.com/gp/offer-listing/B01AINESJM,B01AINESJM,"Odyson - 512GB SSD (PCIe 3.0 x4, SSUBX) Replacement for MacBook Air 13"" A1466 (Early 2015 - Mid 2017)",5,0,$229.88 ,New,beetstech,beetstech_fulFillSELF_B01AINESJM,1
https://www.amazon.com/gp/offer-listing/B01AINESJM,B01AINESJM,"Odyson - 512GB SSD (PCIe 3.0 x4, SSUBX) Replacement for MacBook Air 13"" A1466 (Early 2015 - Mid 2017)",5,0,$234.00 ,UsedLikeNew,beetstech,beetstech_fulFillSELF_B01AINESJM,1
https://www.amazon.com/gp/offer-listing/B01AINESJM,B01AINESJM,"Odyson - 512GB SSD (PCIe 3.0 x4, SSUBX) Replacement for MacBook Air 13"" A1466 (Early 2015 - Mid 2017)",5,0,$349.00 ,UsedLikeNew,loganitintegration,loganitintegration_fulFillSELF_B01AINESJM,10
https://www.amazon.com/gp/offer-listing/B01AINESJM,B01AINESJM,"Odyson - 512GB SSD (PCIe 3.0 x4, SSUBX) Replacement for MacBook Air 13"" A1466 (Early 2015 - Mid 2017)",5,0,$188.99 ,New,bkbtech,bkbtech_fulFillSELF_B01AINESJM,5
https://www.amazon.com/gp/offer-listing/B01AINESJM,B01AINESJM,"Odyson - 512GB SSD (PCIe 3.0 x4, SSUBX) Replacement for MacBook Air 13"" A1466 (Early 2015 - Mid 2017)",5,0,$224.00 ,UsedLikeNew,tekgalaxy,tekgalaxy_fulFillSELF_B01AINESJM,5
https://www.amazon.com/gp/offer-listing/B01AINESJM,B01AINESJM,"Odyson - 512GB SSD (PCIe 3.0 x4, SSUBX) Replacement for MacBook Air 13"" A1466 (Early 2015 - Mid 2017)",5,0,$224.90 ,New,beetstech,beetstech_fulfillmentbyamazon_B01AINESJM,1
https://www.amazon.com/gp/offer-listing/B01AINESJM,B01AINESJM,"Odyson - 512GB SSD (PCIe 3.0 x4, SSUBX) Replacement for MacBook Air 13"" A1466 (Early 2015 - Mid 2017)",5,0,$229.00 ,UsedVeryGood,digilandllc,digilandllc_fulFillSELF_B01AINESJM,4
https://www.amazon.com/gp/offer-listing/B01AINESJM,B01AINESJM,"Odyson - 512GB SSD (PCIe 3.0 x4, SSUBX) Replacement for MacBook Air 13"" A1466 (Early 2015 - Mid 2017)",5,0,$374.00 ,UsedVeryGood,mglelectronics,mglelectronics_fulFillSELF_B01AINESJM,3
https://www.amazon.com/gp/offer-listing/B01AINESJM,B01AINESJM,"Odyson - 512GB SSD (PCIe 3.0 x4, SSUBX) Replacement for MacBook Air 13"" A1466 (Early 2015 - Mid 2017)",5,0,$375.00 ,UsedGood,itassets,itassets_fulFillSELF_B01AINESJM,2
https://www.amazon.com/gp/offer-listing/B07NPC85F7,B07NPC85F7,"ShineBear Genuine 2013 2014 Year for Apple MacBook Pro Retina A1502 A1398 Air A1466 A1465 SSD Solid State Drive 128GB 256GB 512GB 1TB SSD - (Cable Length: Original, Color: 512GB)",4.5,0,$681.10 ,New,zereff,zereff_fulFillSELF_B07NPC85F7,50
